입장일자,국가명,외국인 입장객 수
2026-06-01,뉴질랜드,2
2026-06-01,대만,2
2026-06-01,독일,2
2026-06-01,몽골,1
2026-06-01,미국,11
2026-06-01,벨기에,2
2026-06-01,영국,1
2026-06-01,우즈베키스탄,1
2026-06-01,일본,1
2026-06-01,중국,31
2026-06-01,캐나다,1
2026-06-01,태국,3
2026-06-01,튀르키예공화국,1
2026-06-01,파라과이,1
2026-06-02,뉴질랜드,2
2026-06-02,대만,1
2026-06-02,몽골,2
2026-06-02,미국,11
2026-06-02,벨기에,1
2026-06-02,우즈베키스탄,1
2026-06-02,일본,1
2026-06-02,중국,20
2026-06-02,카자흐스탄,2
2026-06-02,태국,4
2026-06-02,튀르키예공화국,1
2026-06-02,파라과이,1
2026-06-02,프랑스,1
2026-06-02,필리핀,1
2026-06-03,뉴질랜드,2
2026-06-03,대만,3
2026-06-03,미국,13
2026-06-03,오스트레일리아,1
2026-06-03,우즈베키스탄,1
2026-06-03,중국,29
2026-06-03,카자흐스탄,1
2026-06-03,태국,5
2026-06-04,뉴질랜드,1
2026-06-04,대만,1
2026-06-04,몽골,3
2026-06-04,미국,12
2026-06-04,스페인,1
2026-06-04,일본,4
2026-06-04,중국,29
2026-06-04,태국,3
2026-06-04,파라과이,1
2026-06-05,뉴질랜드,1
2026-06-05,대만,3
2026-06-05,미국,10
2026-06-05,일본,5
2026-06-05,중국,39
2026-06-05,캐나다,1
2026-06-05,태국,2
2026-06-05,튀르키예공화국,3
2026-06-05,파라과이,1
2026-06-05,필리핀,2
2026-06-06,뉴질랜드,1
2026-06-06,대만,5
2026-06-06,몽골,4
2026-06-06,미국,13
2026-06-06,스페인,1
2026-06-06,오스트레일리아,2
2026-06-06,우즈베키스탄,1
2026-06-06,일본,4
2026-06-06,중국,45
2026-06-06,카자흐스탄,2
2026-06-06,캐나다,3
2026-06-06,태국,3
2026-06-06,튀르키예공화국,2
2026-06-06,파라과이,1
2026-06-06,프랑스,1
2026-06-06,필리핀,2
2026-06-07,뉴질랜드,1
2026-06-07,대만,2
2026-06-07,몽골,4
2026-06-07,미국,7
2026-06-07,스페인,1
2026-06-07,인도네시아,1
2026-06-07,일본,2
2026-06-07,중국,25
2026-06-07,카자흐스탄,1
2026-06-07,태국,2
2026-06-07,튀르키예공화국,2
2026-06-07,파라과이,1
2026-06-07,필리핀,1
2026-06-08,대만,1
2026-06-08,말레이시아,1
2026-06-08,몽골,1
2026-06-08,미국,11
2026-06-08,오스트레일리아,2
2026-06-08,인도네시아,1
2026-06-08,일본,1
2026-06-08,중국,25
2026-06-08,카자흐스탄,1
2026-06-08,캐나다,1
2026-06-08,태국,2
2026-06-08,튀르키예공화국,1
2026-06-08,파라과이,1
2026-06-09,대만,3
2026-06-09,미국,12
2026-06-09,오스트레일리아,4
2026-06-09,인도네시아,1
2026-06-09,중국,37
2026-06-09,태국,1
2026-06-09,튀르키예공화국,1
2026-06-09,파라과이,1
2026-06-10,대만,2
2026-06-10,미국,10
2026-06-10,오스트레일리아,2
2026-06-10,일본,2
2026-06-10,중국,33
2026-06-10,카자흐스탄,2
2026-06-10,태국,7
2026-06-10,튀르키예공화국,1
2026-06-11,대만,2
2026-06-11,몽골,1
2026-06-11,미국,12
2026-06-11,벨기에,1
2026-06-11,일본,1
2026-06-11,중국,35
2026-06-11,캐나다,2
2026-06-11,태국,2
2026-06-11,튀르키예공화국,1
2026-06-11,파라과이,1
2026-06-11,필리핀,1
2026-06-12,뉴질랜드,1
2026-06-12,대만,3
2026-06-12,미국,9
2026-06-12,일본,1
2026-06-12,중국,24
2026-06-12,태국,5
2026-06-12,파라과이,1
2026-06-12,필리핀,1
2026-06-13,뉴질랜드,1
2026-06-13,대만,6
2026-06-13,모로코,2
2026-06-13,몽골,1
2026-06-13,미국,11
2026-06-13,영국,1
2026-06-13,중국,40
2026-06-13,태국,4
2026-06-13,파라과이,1
2026-06-13,필리핀,2
2026-06-14,뉴질랜드,2
2026-06-14,대만,6
2026-06-14,몽골,4
2026-06-14,미국,7
2026-06-14,중국,25
2026-06-14,태국,6
2026-06-14,파라과이,1
2026-06-14,필리핀,1
2026-06-15,대만,6
2026-06-15,미국,14
2026-06-15,오스트레일리아,1
2026-06-15,일본,1
2026-06-15,중국,39
2026-06-15,태국,6
2026-06-15,파라과이,1
2026-06-16,대만,3
2026-06-16,미국,7
2026-06-16,오스트레일리아,1
2026-06-16,인도네시아,1
2026-06-16,일본,2
2026-06-16,중국,32
2026-06-16,태국,10
2026-06-16,파라과이,1
2026-06-17,대만,3
2026-06-17,독일,1
2026-06-17,미국,14
2026-06-17,오스트레일리아,2
2026-06-17,일본,2
2026-06-17,중국,33
2026-06-17,태국,7
2026-06-17,파라과이,1
2026-06-18,대만,2
2026-06-18,독일,1
2026-06-18,마카오,1
2026-06-18,미국,11
2026-06-18,중국,31
2026-06-18,카자흐스탄,1
2026-06-18,캐나다,1
2026-06-18,태국,7
2026-06-18,파라과이,1
2026-06-18,포르투갈,1
2026-06-18,프랑스,1
2026-06-19,뉴질랜드,1
2026-06-19,대만,3
2026-06-19,마카오,1
2026-06-19,몽골,3
2026-06-19,미국,14
2026-06-19,우즈베키스탄,1
2026-06-19,일본,2
2026-06-19,중국,38
2026-06-19,캐나다,2
2026-06-19,태국,2
2026-06-19,파라과이,1
2026-06-19,포르투갈,1
2026-06-19,필리핀,1
2026-06-20,뉴질랜드,1
2026-06-20,대만,3
2026-06-20,러시아,1
2026-06-20,멕시코,1
2026-06-20,몽골,1
2026-06-20,미국,12
2026-06-20,일본,4
2026-06-20,중국,38
2026-06-20,캐나다,2
2026-06-20,키르기스스탄,2
2026-06-20,태국,7
2026-06-21,가나,2
2026-06-21,뉴질랜드,1
2026-06-21,대만,3
2026-06-21,라이베리아,2
2026-06-21,러시아,2
2026-06-21,몽골,3
2026-06-21,미국,6
2026-06-21,방글라데시,1
2026-06-21,벨라루스,1
2026-06-21,오스트레일리아,1
2026-06-21,우간다,1
2026-06-21,우즈베키스탄,1
2026-06-21,인도,2
2026-06-21,일본,10
2026-06-21,중국,34
2026-06-21,캄보디아,1
2026-06-21,케냐,1
2026-06-21,태국,5
2026-06-21,파라과이,1
2026-06-21,파키스탄,1
2026-06-21,페루,1
2026-06-21,피지,1
2026-06-21,필리핀,4
2026-06-22,나이지리아,1
2026-06-22,대만,2
2026-06-22,러시아,1
2026-06-22,몽골,5
2026-06-22,미국,8
2026-06-22,싱가포르,1
2026-06-22,일본,1
2026-06-22,중국,27
2026-06-22,태국,7
2026-06-23,대만,3
2026-06-23,독일,2
2026-06-23,러시아,1
2026-06-23,몽골,2
2026-06-23,미국,10
2026-06-23,중국,37
2026-06-23,캐나다,1
2026-06-23,태국,4
2026-06-23,파라과이,1
2026-06-23,필리핀,1
2026-06-24,대만,3
2026-06-24,독일,2
2026-06-24,몽골,1
2026-06-24,미국,12
2026-06-24,인도네시아,1
2026-06-24,일본,3
2026-06-24,중국,39
2026-06-24,캐나다,1
2026-06-24,태국,7
2026-06-24,파라과이,1
2026-06-24,필리핀,1
2026-06-25,대만,3
2026-06-25,몽골,2
2026-06-25,미국,12
2026-06-25,일본,4
2026-06-25,중국,30
2026-06-25,카자흐스탄,3
2026-06-25,캐나다,1
2026-06-25,태국,4
2026-06-26,뉴질랜드,1
2026-06-26,대만,2
2026-06-26,말레이시아,1
2026-06-26,몽골,2
2026-06-26,미국,12
2026-06-26,브라질,1
2026-06-26,일본,3
2026-06-26,중국,35
2026-06-26,카자흐스탄,1
2026-06-26,키르기스스탄,2
2026-06-26,태국,5
2026-06-26,필리핀,2
2026-06-27,뉴질랜드,1
2026-06-27,대만,3
2026-06-27,몽골,25
2026-06-27,미국,8
2026-06-27,방글라데시,5
2026-06-27,우즈베키스탄,3
2026-06-27,인도,39
2026-06-27,일본,2
2026-06-27,중국,38
2026-06-27,카자흐스탄,1
2026-06-27,캐나다,1
2026-06-27,태국,7
2026-06-27,필리핀,2
2026-06-28,뉴질랜드,1
2026-06-28,대만,2
2026-06-28,미국,10
2026-06-28,오스트레일리아,1
2026-06-28,중국,37
2026-06-28,캐나다,1
2026-06-28,태국,5
2026-06-28,필리핀,3
2026-06-29,대만,2
2026-06-29,독일,2
2026-06-29,몽골,8
2026-06-29,미국,9
2026-06-29,인도네시아,1
2026-06-29,일본,1
2026-06-29,중국,28
2026-06-29,캐나다,1
2026-06-29,태국,2
2026-06-29,필리핀,1
2026-06-30,대만,1
2026-06-30,독일,2
2026-06-30,몽골,2
2026-06-30,미국,10
2026-06-30,일본,1
2026-06-30,중국,35
2026-06-30,캐나다,1
2026-06-30,키르기스스탄,1
2026-06-30,태국,2
2026-06-30,필리핀,1
